{"0": 0.6247078886604497, "1": 2.504684729132825}